Character,Rarity,Class,Archetype,Promotion,HP,Attack,Defense,Magic Res,Cost,Atk Interval,Block,Auto dps Pts,dps/Cost
Ceobe,6,Caster,ST Caster,E01,657,302,48,10,19,1.6,1,189,10
Ceobe,6,Caster,ST Caster,E11,939,420,82,15,21,1.6,1,263,13
Ceobe,6,Caster,ST Caster,E21,1220,553,114,20,21,1.6,1,346,16
Ceobe,6,Caster,ST Caster,E230,1332,590,119,20,21,1.6,1,369,18
Ceobe,6,Caster,ST Caster,E2M,2034,703,152,10,13,1.3,1,541,42
Eyjafjalla,6,Caster,ST Caster,E01,732,292,46,10,19,1.6,1,183,10
Eyjafjalla,6,Caster,ST Caster,E11,1046,406,79,15,21,1.6,1,254,12
Eyjafjalla,6,Caster,ST Caster,E21,1359,535,109,20,21,1.6,1,334,16
Eyjafjalla,6,Caster,ST Caster,E230,1484,571,113,20,21,1.6,1,357,17
Eyjafjalla,6,Caster,ST Caster,E1M,1080,365,134,0,11,1,1,365,33
Ifrit,6,Caster,AoE Caster,E01,687,377,52,10,31,2.9,1,130,4
Ifrit,6,Caster,AoE Caster,E11,982,563,79,15,34,2.9,1,194,6
Ifrit,6,Caster,AoE Caster,E21,1276,722,109,20,34,2.9,1,249,7
Ifrit,6,Caster,AoE Caster,E230,1408,770,116,20,34,2.9,1,266,8
Ifrit,6,Caster,AoE Caster,E2M,1595,977,122,0,20,2.7,1,362,18
Mostima,6,Caster,AoE Caster,E01,777,348,52,10,31,2.9,1,120,4
Mostima,6,Caster,AoE Caster,E11,1080,491,80,15,34,2.9,1,169,5
Mostima,6,Caster,AoE Caster,E21,1350,630,110,20,34,2.9,1,217,6
Mostima,6,Caster,AoE Caster,E230,1474,669,117,20,34,2.9,1,231,7
Mostima,6,Caster,AoE Caster,E2M,1198,514,110,15,20,1.6,1,321,16
Amiya,5,Caster,ST Caster,E01,699,276,48,10,18,1.6,1,173,10
Amiya,5,Caster,ST Caster,E11,958,390,81,15,20,1.6,1,244,12
Amiya,5,Caster,ST Caster,E21,958,390,81,15,20,1.6,1,244,12
Amiya,5,Caster,ST Caster,E230,1059,442,93,15,20,1.6,1,276,14
Amiya,5,Caster,ST Caster,E2M,1385,542,120,25,16,1.9,1,285,18
Lieze,5,Caster,ST Caster,E01,590,266,47,10,29,2.3,1,116,4
Lieze,5,Caster,ST Caster,E11,843,370,72,15,32,2.3,1,161,5
Lieze,5,Caster,ST Caster,E21,1096,475,99,20,32,2.3,1,207,6
Lieze,5,Caster,ST Caster,E230,1223,511,106,20,32,2.3,1,222,7
Lieze,5,Caster,ST Caster,E1M,1135,362,109,0,17,2.85,1,127,7
Nightmare,5,Caster,ST Caster,E01,658,281,45,10,18,1.6,1,176,10
Nightmare,5,Caster,ST Caster,E11,941,396,77,15,20,1.6,1,248,12
Nightmare,5,Caster,ST Caster,E21,1223,522,107,20,20,1.6,1,326,16
Nightmare,5,Caster,ST Caster,E230,1328,559,112,20,20,1.6,1,349,17
Nightmare,5,Caster,ST Caster,E2M,2523,660,393,15,21,1.25,1,528,25
Skyfire,5,Caster,AoE Caster,E01,686,332,48,10,30,2.9,1,114,4
Skyfire,5,Caster,AoE Caster,E11,954,468,74,15,33,2.9,1,161,5
Skyfire,5,Caster,AoE Caster,E21,1193,600,102,20,33,2.9,1,207,6
Skyfire,5,Caster,AoE Caster,E230,1317,642,109,20,33,2.9,1,221,7
AVERAGE,,,,,1140,494,99,,,2.11,,252,12
Gitano,4,Caster,AoE Caster,E01,622,303,47,10,29,2.9,1,104,4
Gitano,4,Caster,AoE Caster,E11,889,428,72,15,32,2.9,1,148,5
Gitano,4,Caster,AoE Caster,E21,1155,549,99,20,32,2.9,1,189,6
Gitano,4,Caster,AoE Caster,E230,1308,593,107,20,32,2.9,1,204,6
Gitano,4,Caster,AoE Caster,E2M,2484,586,382,0,13,1,1,586,45
Greyy,4,Caster,AoE Caster,E01,595,298,52,10,29,2.9,1,103,4
Greyy,4,Caster,AoE Caster,E11,850,421,79,15,32,2.9,1,145,5
Greyy,4,Caster,AoE Caster,E21,1105,541,109,20,32,2.9,1,187,6
Greyy,4,Caster,AoE Caster,E230,1252,585,118,20,32,2.9,1,202,6
Greyy,4,Caster,AoE Caster,E1M,2035,295,490,0,18,1.2,3,246,14
Haze,4,Caster,ST Caster,E01,619,253,42,10,17,1.6,1,158,9
Haze,4,Caster,ST Caster,E11,885,362,71,15,19,1.6,1,226,12
Haze,4,Caster,ST Caster,E21,1150,483,98,20,19,1.6,1,302,16
Haze,4,Caster,ST Caster,E230,1263,525,103,20,19,1.6,1,328,17
Haze,4,Caster,ST Caster,E2M,2135,488,312,0,9,0.78,1,626,70
Lava,3,Caster,AoE Caster,E01,576,296,41,10,27,2.9,1,102,4
Lava,3,Caster,AoE Caster,E11,823,417,69,15,30,2.9,1,144,5
Haze,4,Caster,ST Caster,E2M,2550,602,332,0,22,1.3,2,463,21
Steward,4,Caster,ST Caster,E01,592,249,38,10,16,1.6,1,156,10
Steward,4,Caster,ST Caster,E11,847,357,65,15,18,1.6,1,223,12
Lava,3,Caster,AoE Caster,E2M,3456,375,701,0,24,1.2,3,313,13
12F,4,Caster,AoE Caster,E01,1378,280,31,10,24,2.9,1,97,4
12F,4,Caster,AoE Caster,E0M,1378,400,50,10,24,2.9,1,138,6
Durin,4,Caster,ST Caster,E01,571,238,36,10,12,1.6,1,149,12
Durin,4,Caster,ST Caster,E0M,952,340,62,10,12,1.6,1,213,18
Angelina,6,Support,Slow,E01,629,228,53,15,14,1.9,1,120,9
Angelina,6,Support,Slow,E11,863,336,77,20,16,1.9,1,177,11
Angelina,6,Support,Slow,E21,1108,449,100,25,16,1.9,1,236,15
Angelina,6,Support,Slow,E230,1198,479,107,25,16,1.9,1,252,16
Angelina,6,Support,Slow,E2M,2821,765,370,0,24,1.2,3,638,27
Magellan,6,Support,Summoner,E01,495,211,60,15,10,1.6,1,132,13
Magellan,6,Support,Summoner,E11,670,302,87,20,12,1.6,1,189,16
Magellan,6,Support,Summoner,E21,871,403,116,20,12,1.6,1,252,21
Magellan,6,Support,Summoner,E230,947,425,124,20,12,1.6,1,266,22
Magellan,6,Support,Summoner,E2M,1230,535,130,5,13,1,1,535,41
Glaucus,5,Support,Slow,E01,592,213,45,10,13,1.9,1,112,9
Glaucus,5,Support,Slow,E11,800,314,65,15,15,1.9,1,165,11
Glaucus,5,Support,Slow,E21,1013,419,84,20,15,1.9,1,221,15
Glaucus,5,Support,Slow,E230,1106,451,90,20,15,1.9,1,237,16
Glaucus,5,Support,Slow,E2M,1595,343,153,0,17,2.85,1,120,7
Mayer,5,Support,Summoner,E01,480,199,56,15,9,1.6,1,124,14
Mayer,5,Support,Summoner,E11,649,285,80,20,11,1.6,1,178,16
Mayer,5,Support,Summoner,E21,843,380,107,20,11,1.6,1,238,22
Mayer,5,Support,Summoner,E230,926,403,115,20,11,1.6,1,252,23
Mayer,5,Support,Summoner,E2M,2335,762,366,0,23,1.2,3,635,28
Pramanix,5,Support,Pramanix,E01,629,193,46,15,10,1.6,1,121,12
Pramanix,5,Support,Pramanix,E11,925,277,67,20,12,1.6,1,173,14
Pramanix,5,Support,Pramanix,E21,1251,356,89,25,12,1.6,1,223,19
Pramanix,5,Support,Pramanix,E230,1381,383,94,25,12,1.6,1,239,20
Pramanix,5,Support,Pramanix,E1M,2130,305,475,0,18,1.2,3,254,14
Sora,5,Support,Heal Support,E01,519,133,95,0,5,1,1,133,27
Sora,5,Support,Heal Support,E11,742,208,142,0,7,1,1,208,30
Sora,5,Support,Heal Support,E21,1017,278,190,0,7,1,1,278,40
Sora,5,Support,Heal Support,E230,1141,299,208,0,7,1,1,299,43
Sora,5,Support,Heal Support,E1M,1150,617,85,0,23,2.8,1,220,10
Istina,5,Support,Slow,E01,581,218,46,10,13,1.9,1,115,9
Istina,5,Support,Slow,E11,797,321,67,15,15,1.9,1,169,11
Istina,5,Support,Slow,E21,1024,429,87,20,15,1.9,1,226,15
Istina,5,Support,Slow,E230,1118,462,93,20,15,1.9,1,243,16
Istina,5,Support,Slow,E2M,1565,667,128,20,21,1.6,1,417,20
Deepcolor,4,Support,Summoner,E01,472,181,53,10,8,1.6,1,113,14
Deepcolor,4,Support,Summoner,E11,638,259,77,10,10,1.6,1,162,16
Deepcolor,4,Support,Summoner,E21,829,346,103,15,10,1.6,1,216,22
Deepcolor,4,Support,Summoner,E230,922,370,112,15,10,1.6,1,231,23
Deepcolor,4,Support,Summoner,E2M,1455,442,126,5,22,2.85,1,155,7
Earthspirit,4,Support,Slow,E01,548,202,46,10,12,1.9,1,106,9
Earthspirit,4,Support,Slow,E11,751,298,66,15,14,1.9,1,157,11
Earthspirit,4,Support,Slow,E21,964,398,85,20,14,1.9,1,209,15
Earthspirit,4,Support,Slow,E230,1065,432,92,20,14,1.9,1,227,16
Earthspirit,4,Support,Slow,E2M,2880,610,352,0,23,1.3,2,469,20
Orchid,3,Support,Slow,E01,553,192,44,10,10,1.9,1,101,10
Orchid,3,Support,Slow,E11,738,283,64,15,12,1.9,1,149,12
Earthspirit,4,Support,Slow,E2M,1970,765,340,0,13,1.8,2,425,33
Blaze,6,Guard,AoE Guard,E01,1286,308,156,0,20,1.2,2,257,13
Blaze,6,Guard,AoE Guard,E11,1649,429,224,0,22,1.2,2,358,16
Blaze,6,Guard,AoE Guard,E21,2115,581,303,0,24,1.2,3,484,20
Blaze,6,Guard,AoE Guard,E230,2345,641,325,0,24,1.2,3,534,22
Blaze,6,Guard,AoE Guard,E2M,1985,435,322,0,12,1.05,2,414,35
Ch'en,6,Guard,2-Hit Guard,E01,1229,249,154,0,19,1.3,2,192,10
Ch'en,6,Guard,2-Hit Guard,E11,1684,361,221,0,21,1.3,2,278,13
Ch'en,6,Guard,2-Hit Guard,E21,2188,469,288,0,23,1.3,2,361,16
Ch'en,6,Guard,2-Hit Guard,E230,2413,515,309,0,23,1.3,2,396,17
Ch'en,6,Guard,2-Hit Guard,E2M,3520,380,710,0,22,1.2,3,317,14
Hellagur,6,Guard,Drain Guard,E01,1568,340,160,0,22,1.2,1,283,13
Hellagur,6,Guard,Drain Guard,E11,2179,486,220,0,24,1.2,1,405,17
Hellagur,6,Guard,Drain Guard,E21,2868,632,283,0,26,1.2,1,527,20
Hellagur,6,Guard,Drain Guard,E230,3180,674,300,0,26,1.2,1,562,22
Hellagur,6,Guard,Drain Guard,E2M,3105,365,690,0,21,1.2,3,304,14
SilverAsh,6,Guard,Ranged Guard,E01,1075,297,189,5,18,1.3,2,228,13
SilverAsh,6,Guard,Ranged Guard,E11,1536,444,259,10,20,1.3,2,342,17
SilverAsh,6,Guard,Ranged Guard,E21,2022,577,329,10,20,1.3,2,444,22
SilverAsh,6,Guard,Ranged Guard,E230,2197,621,351,10,20,1.3,2,478,24
SilverAsh,6,Guard,Ranged Guard,E2M,1050,403,125,15,10,1.6,1,252,25
Skadi,6,Guard,Duelist Guard,E01,1442,415,116,0,17,1.5,1,277,16
Skadi,6,Guard,Duelist Guard,E11,2060,611,167,0,19,1.5,1,407,21
Skadi,6,Guard,Duelist Guard,E21,2785,774,220,0,19,1.5,1,516,27
Skadi,6,Guard,Duelist Guard,E230,3072,826,234,0,19,1.5,1,551,29
Skadi,6,Guard,Duelist Guard,E2M,1840,545,382,0,15,1.05,2,519,35
Astesia,5,Guard,Magic Guard,E01,1150,283,177,10,19,1.25,1,226,12
Astesia,5,Guard,Magic Guard,E11,1514,411,254,10,21,1.25,1,329,16
Astesia,5,Guard,Magic Guard,E21,1917,534,326,15,21,1.25,1,427,20
Astesia,5,Guard,Magic Guard,E230,2139,580,351,15,21,1.25,1,464,22
Astesia,5,Guard,Magic Guard,E2M,3007,583,548,15,24,1.6,3,364,15
Bibeak,5,Guard,2-Hit Guard,E01,1089,245,146,0,18,1.3,2,188,10
Bibeak,5,Guard,2-Hit Guard,E11,1492,356,209,0,20,1.3,2,274,14
Bibeak,5,Guard,2-Hit Guard,E21,1938,463,272,0,22,1.3,2,356,16
Bibeak,5,Guard,2-Hit Guard,E230,2163,514,294,0,22,1.3,2,395,18
Bibeak,5,Guard,2-Hit Guard,E2M,1205,480,101,20,14,1.9,1,253,18
Broca,5,Guard,AoE Guard,E01,1064,308,155,0,19,1.2,2,257,14
Broca,5,Guard,AoE Guard,E11,1365,428,222,0,21,1.2,2,357,17
Broca,5,Guard,AoE Guard,E21,1751,579,300,0,23,1.2,3,483,21
Broca,5,Guard,AoE Guard,E230,1965,646,324,0,23,1.2,3,538,23
Broca,5,Guard,AoE Guard,E2M,2500,690,315,0,22,1.2,3,575,26
Flamebringer,5,Guard,Duelist Guard,E01,1423,378,86,0,18,1.5,1,252,14
Flamebringer,5,Guard,Duelist Guard,E11,2033,556,123,0,20,1.5,1,371,19
Flamebringer,5,Guard,Duelist Guard,E21,2786,704,161,0,20,1.5,1,469,23
Flamebringer,5,Guard,Duelist Guard,E230,3127,757,173,0,20,1.5,1,505,25
Flamebringer,5,Guard,Duelist Guard,E2M,1530,742,337,30,19,3.5,0,212,11
Franka,5,Guard,Duelist Guard,E01,1386,382,105,0,16,1.5,1,255,16
Franka,5,Guard,Duelist Guard,E11,1981,563,150,0,18,1.5,1,375,21
Franka,5,Guard,Duelist Guard,E21,2715,713,195,0,18,1.5,1,475,26
Franka,5,Guard,Duelist Guard,E230,3047,767,210,0,18,1.5,1,511,28
Franka,5,Guard,Duelist Guard,E2M,2330,720,185,0,31,2.3,1,313,10
Indra,5,Guard,Speed Guard,E01,1071,206,151,0,8,0.78,1,264,33
Indra,5,Guard,Speed Guard,E11,1448,303,217,0,10,0.78,1,388,39
Indra,5,Guard,Speed Guard,E21,1857,405,294,0,10,0.78,1,519,52
Indra,5,Guard,Speed Guard,E230,2007,440,315,0,10,0.78,1,564,56
Indra,5,Guard,Speed Guard,E2M,1673,540,161,0,14,1,1,540,39
Lappland,5,Guard,Ranged Guard,E01,987,285,173,10,17,1.3,2,219,13
Lappland,5,Guard,Ranged Guard,E11,1410,426,238,10,19,1.3,2,328,17
Lappland,5,Guard,Ranged Guard,E21,1856,554,302,15,19,1.3,2,426,22
Lappland,5,Guard,Ranged Guard,E230,2037,602,325,15,19,1.3,2,463,24
Lappland,5,Guard,Ranged Guard,E2M,1743,645,122,20,21,1.6,1,403,19
Savage,5,Guard,AoE Guard,E01,1108,284,135,0,18,1.2,2,237,13
Savage,5,Guard,AoE Guard,E11,1421,395,193,0,20,1.2,2,329,16
Savage,5,Guard,AoE Guard,E21,1822,535,262,0,22,1.2,3,446,20
Savage,5,Guard,AoE Guard,E230,2045,597,283,0,22,1.2,3,498,23
Savage,5,Guard,AoE Guard,E1M,1325,325,260,0,11,1.05,2,310,28
Spectre,5,Guard,AoE Guard,E01,1199,293,150,0,19,1.2,2,244,13
Spectre,5,Guard,AoE Guard,E11,1538,407,215,0,21,1.2,2,339,16
Spectre,5,Guard,AoE Guard,E21,1972,551,291,0,23,1.2,3,459,20
Spectre,5,Guard,AoE Guard,E230,2214,615,314,0,23,1.2,3,513,22
Spectre,5,Guard,AoE Guard,E1M,1270,355,240,0,11,1.05,2,338,31
Swire,5,Guard,Buff Guard,E01,703,261,193,0,14,1.05,2,249,18
Swire,5,Guard,Buff Guard,E11,964,373,273,0,16,1.05,2,355,22
Swire,5,Guard,Buff Guard,E21,1252,498,346,0,16,1.05,2,474,30
Swire,5,Guard,Buff Guard,E230,1431,533,371,0,16,1.05,2,508,32
Swire,5,Guard,Buff Guard,E2M,1845,640,382,0,20,1.2,2,533,27
Beehunter,4,Guard,Speed Guard,E01,1010,201,131,0,7,0.78,1,258,37
Beehunter,4,Guard,Speed Guard,E11,1365,296,191,0,9,0.78,1,379,42
Beehunter,4,Guard,Speed Guard,E21,1750,395,262,0,9,0.78,1,506,56
Beehunter,4,Guard,Speed Guard,E230,1912,434,283,0,9,0.78,1,556,62
Beehunter,4,Guard,Speed Guard,E2M,1450,1085,131,0,21,2.7,1,402,19
Doberman,4,Guard,Buff Guard,E01,743,239,178,0,13,1.05,2,228,18
Doberman,4,Guard,Buff Guard,E11,1019,342,252,0,15,1.05,2,326,22
Doberman,4,Guard,Buff Guard,E21,1324,457,320,0,15,1.05,2,435,29
Doberman,4,Guard,Buff Guard,E230,1541,494,346,0,15,1.05,2,470,31
Doberman,4,Guard,Buff Guard,E2M,3715,849,195,0,20,1.5,1,566,28
Estelle,4,Guard,AoE Guard,E01,1140,278,133,0,18,1.2,2,232,13
Estelle,4,Guard,AoE Guard,E11,1462,387,190,0,20,1.2,2,323,16
Estelle,4,Guard,AoE Guard,E21,1875,524,258,0,22,1.2,3,437,20
Estelle,4,Guard,AoE Guard,E230,2138,594,282,0,22,1.2,3,495,23
Estelle,4,Guard,AoE Guard,E2M,3620,860,235,0,18,1.5,1,573,32
Frostleaf,4,Guard,Ranged Guard,E01,949,272,154,5,16,1.3,2,209,13
Frostleaf,4,Guard,Ranged Guard,E11,1356,400,211,10,18,1.3,2,308,17
Frostleaf,4,Guard,Ranged Guard,E21,1785,534,268,10,18,1.3,2,411,23
Frostleaf,4,Guard,Ranged Guard,E230,1985,587,291,10,18,1.3,2,452,25
Frostleaf,4,Guard,Ranged Guard,E2M,2260,660,323,10,18,1.3,2,508,28
Matoimaru,4,Guard,Duelist Guard,E01,1443,370,70,0,15,1.5,1,247,16
Matoimaru,4,Guard,Duelist Guard,E11,1925,553,100,0,17,1.5,1,369,22
Matoimaru,4,Guard,Duelist Guard,E21,2567,709,131,0,17,1.5,1,473,28
Matoimaru,4,Guard,Duelist Guard,E230,2947,770,142,0,17,1.5,1,513,30
Matoimaru,4,Guard,Duelist Guard,E2M,1580,450,152,0,18,2.85,1,158,9
Mousse,4,Guard,Magic Guard,E01,1069,273,158,10,18,1.25,1,218,12
Mousse,4,Guard,Magic Guard,E11,1407,396,230,10,20,1.25,1,317,16
Mousse,4,Guard,Magic Guard,E21,1782,515,296,15,20,1.25,1,412,21
Mousse,4,Guard,Magic Guard,E230,2019,569,322,15,20,1.25,1,455,23
Mousse,4,Guard,Magic Guard,E2M,1520,654,118,20,32,2.9,1,226,7
Utage,4,Guard,Drain Guard,E01,1413,309,150,0,20,1.2,1,258,13
Utage,4,Guard,Drain Guard,E11,1963,442,206,0,22,1.2,1,368,17
Utage,4,Guard,Drain Guard,E21,2583,575,265,0,24,1.2,1,479,20
Utage,4,Guard,Drain Guard,E230,2945,625,285,0,24,1.2,1,521,22
Utage,4,Guard,Drain Guard,E2M,1267,505,100,20,15,1.9,1,266,18
Melantha,3,Guard,Duelist Guard,E01,1332,361,83,0,13,1.5,1,241,19
Melantha,3,Guard,Duelist Guard,E11,1903,531,119,0,15,1.5,1,354,24
Utage,4,Guard,Drain Guard,E2M,2235,552,367,0,14,1,1,552,39
Midnight,3,Guard,Ranged Guard,E01,879,252,162,5,14,1.3,2,194,14
Midnight,3,Guard,Ranged Guard,E11,1256,372,222,10,16,1.3,2,286,18
Melantha,3,Guard,Duelist Guard,E2M,1420,452,335,0,8,0.93,1,486,61
Popukar,3,Guard,AoE Guard,E01,1130,263,126,0,17,1.2,2,219,13
Popukar,3,Guard,AoE Guard,E11,1449,366,181,0,19,1.2,2,305,16
Midnight,3,Guard,Ranged Guard,E2M,1493,513,152,0,13,1,1,513,39
Castle-3,3,Guard,Duelist Guard,E01,862,221,63,0,3,1.5,1,147,49
Castle-3,3,Guard,Duelist Guard,E0M,1106,316,90,0,3,1.5,1,211,70
Nightingale,6,Medic,AoE Healer,E01,796,132,80,5,16,2.85,1,46,3
Nightingale,6,Medic,AoE Healer,E11,1076,210,107,5,18,2.85,1,74,4
Nightingale,6,Medic,AoE Healer,E21,1346,280,140,5,18,2.85,1,98,5
Nightingale,6,Medic,AoE Healer,E230,1463,303,149,5,18,2.85,1,106,6
Nightingale,6,Medic,AoE Healer,E2M,1455,645,130,20,32,2.9,1,222,7
Shining,6,Medic,ST Healer,E01,854,180,60,0,18,2.85,1,63,4
Shining,6,Medic,ST Healer,E11,1204,296,88,0,20,2.85,1,104,5
Shining,6,Medic,ST Healer,E21,1451,424,110,0,20,2.85,1,149,7
Shining,6,Medic,ST Healer,E230,1504,459,119,0,20,2.85,1,161,8
Shining,6,Medic,ST Healer,E2M,2550,435,562,10,20,1.2,3,363,18
Breeze,5,Medic,AoE Healer,E01,745,125,72,0,15,2.85,1,44,3
Breeze,5,Medic,AoE Healer,E11,1008,202,97,0,17,2.85,1,71,4
Breeze,5,Medic,AoE Healer,E21,1260,274,126,0,17,2.85,1,96,6
Breeze,5,Medic,AoE Healer,E230,1383,299,136,0,17,2.85,1,105,6
Breeze,5,Medic,AoE Healer,E2M,1420,583,110,20,19,1.6,1,364,19
Ceylon,5,Medic,Far Healer,E01,798,154,55,5,20,2.85,1,54,3
Ceylon,5,Medic,Far Healer,E11,1050,254,80,5,22,2.85,1,89,4
Ceylon,5,Medic,Far Healer,E21,1251,353,100,5,22,2.85,1,124,6
Ceylon,5,Medic,Far Healer,E230,1326,386,110,5,22,2.85,1,135,6
Ceylon,5,Medic,Far Healer,E2M,3825,762,334,0,26,1.2,1,635,24
Ptilopsis,5,Medic,AoE Healer,E01,751,122,71,0,15,2.85,1,43,3
Ptilopsis,5,Medic,AoE Healer,E11,1016,198,95,0,17,2.85,1,69,4
Ptilopsis,5,Medic,AoE Healer,E21,1271,268,124,0,17,2.85,1,94,6
Ptilopsis,5,Medic,AoE Healer,E230,1395,293,134,0,17,2.85,1,103,6
Ptilopsis,5,Medic,ST Healer,E1M,1220,345,110,0,17,2.85,1,121,7
Silence,5,Medic,ST Healer,E01,845,166,62,0,17,2.85,1,58,3
Silence,5,Medic,ST Healer,E11,1191,273,90,0,19,2.85,1,96,5
Silence,5,Medic,ST Healer,E21,1435,385,113,0,19,2.85,1,135,7
Silence,5,Medic,ST Healer,E230,1494,421,124,0,19,2.85,1,148,8
Silence,5,Medic,ST Healer,E2M,3850,430,723,0,23,1.2,3,358,16
Warfarin,5,Medic,ST Healer,E01,805,172,55,0,17,2.85,1,60,4
Warfarin,5,Medic,ST Healer,E11,1135,282,80,0,19,2.85,1,99,5
Warfarin,5,Medic,ST Healer,E21,1368,404,100,0,19,2.85,1,142,7
Warfarin,5,Medic,ST Healer,E230,1424,441,109,0,19,2.85,1,155,8
Warfarin,5,Medic,ST Healer,E2M,2823,442,585,10,21,1.2,3,368,18
Gavial,4,Medic,ST Healer,E01,851,159,66,0,16,2.85,1,56,4
Gavial,4,Medic,ST Healer,E11,1167,262,96,0,18,2.85,1,92,5
Gavial,4,Medic,ST Healer,E21,1374,364,121,0,18,2.85,1,128,7
Gavial,4,Medic,ST Healer,E230,1461,400,134,0,18,2.85,1,140,8
Gavial,4,Medic,ST Healer,E2M,1680,870,130,20,34,2.9,1,300,9
Myrhh,4,Medic,ST Healer,E01,752,161,57,0,16,2.85,1,56,4
Myrhh,4,Medic,ST Healer,E11,1060,264,83,0,18,2.85,1,93,5
Myrhh,4,Medic,ST Healer,E21,1278,372,104,0,18,2.85,1,131,7
Myrhh,4,Medic,ST Healer,E230,1338,411,115,0,18,2.85,1,144,8
Myrhh,4,Medic,ST Healer,E2M,2265,500,350,0,10,0.78,1,641,64
Perfumer,4,Medic,AoE Healer,E01,710,117,69,0,14,2.85,1,41,3
Perfumer,4,Medic,AoE Healer,E11,960,189,92,0,16,2.85,1,66,4
Perfumer,4,Medic,AoE Healer,E21,1232,256,120,0,16,2.85,1,90,6
Perfumer,4,Medic,AoE Healer,E230,1370,283,131,0,16,2.85,1,99,6
Perfumer,4,Medic,AoE Healer,E2M,1280,518,104,20,15,1.9,1,273,18
Purestream,4,Medic,Far Healer,E01,748,150,51,5,17,2.85,1,53,3
Purestream,4,Medic,Far Healer,E11,985,247,75,5,19,2.85,1,87,5
Purestream,4,Medic,Far Healer,E21,1173,344,94,5,19,2.85,1,121,6
Purestream,4,Medic,Far Healer,E230,1254,380,104,5,19,2.85,1,133,7
Purestream,4,Medic,Far Healer,E2M,1320,475,154,0,12,1,1,475,40
Sussurro,4,Medic,ST Healer,E01,725,173,53,0,16,2.85,1,61,4
Sussurro,4,Medic,ST Healer,E11,994,284,77,0,18,2.85,1,100,6
Sussurro,4,Medic,ST Healer,E21,1170,395,97,0,18,2.85,1,139,8
Sussurro,4,Medic,ST Healer,E230,1244,434,108,0,18,2.85,1,152,8
Sussurro,4,Medic,ST Healer,E1M,1060,375,126,0,11,1,1,375,34
Ansel,3,Medic,ST Healer,E01,634,156,60,0,15,2.85,1,55,4
Ansel,3,Medic,ST Healer,E11,907,257,81,0,17,2.85,1,90,5
Sussurro,4,Medic,ST Healer,E2M,2350,685,365,15,19,1.3,2,527,28
Hibiscus,3,Medic,ST Healer,E01,682,153,61,0,15,2.85,1,54,4
Hibiscus,3,Medic,ST Healer,E11,975,248,82,0,17,2.85,1,87,5
Hibiscus,3,Medic,ST Healer,E1M,1070,535,95,15,30,2.9,1,184,6
Lancet-2,3,Medic,ST Healer,E01,261,42,16,0,3,2.85,1,15,5
Lancet-2,3,Medic,ST Healer,E0M,435,70,27,0,3,2.85,1,25,8
Exusiai,6,Sniper,Anti-Air Sniper,E01,711,183,57,0,12,1,1,183,15
Exusiai,6,Sniper,Anti-Air Sniper,E11,1016,305,95,0,14,1,1,305,22
Exusiai,6,Sniper,Anti-Air Sniper,E21,1338,437,136,0,14,1,1,437,31
Exusiai,6,Sniper,Anti-Air Sniper,E230,1447,471,144,0,14,1,1,471,34
Exusiai,6,Sniper,Anti-Air Sniper,E2M,1443,573,119,20,32,2.3,1,249,8
Schwarz,6,Sniper,Close Sniper,E01,781,357,86,0,16,1.6,1,223,14
Schwarz,6,Sniper,Close Sniper,E11,1086,490,123,0,18,1.6,1,306,17
Schwarz,6,Sniper,Close Sniper,E21,1393,646,164,0,20,1.6,1,404,20
Schwarz,6,Sniper,Close Sniper,E230,1536,709,184,0,20,1.6,1,443,22
Schwarz,6,Sniper,Close Sniper,E2M,3240,425,710,0,22,1.2,3,354,16
Blue Poison,5,Sniper,Anti-Air Sniper,E01,536,178,45,5,11,1,1,178,16
Blue Poison,5,Sniper,Anti-Air Sniper,E11,767,297,76,5,13,1,1,297,23
Blue Poison,5,Sniper,Anti-Air Sniper,E21,984,438,109,5,13,1,1,438,34
Blue Poison,5,Sniper,Anti-Air Sniper,E230,1074,474,117,5,13,1,1,474,36
Blue Poison,5,Sniper,Anti-Air Sniper,E2M,1103,469,140,20,12,1.6,1,293,24
Executor,5,Sniper,All-In-Range Sniper,E01,1035,327,100,0,28,2.3,1,142,5
Executor,5,Sniper,All-In-Range Sniper,E11,1380,468,131,0,31,2.3,1,203,7
Executor,5,Sniper,All-In-Range Sniper,E21,1747,604,166,0,31,2.3,1,263,8
Executor,5,Sniper,All-In-Range Sniper,E230,1961,647,173,0,31,2.3,1,281,9
Executor,5,Sniper,All-In-Range Sniper,E2M,1630,811,343,30,20,3.5,0,232,12
Firewatch,5,Sniper,Low Defense Sniper,E01,714,486,63,0,19,2.7,1,180,9
Firewatch,5,Sniper,Low Defense Sniper,E11,928,675,85,0,21,2.7,1,250,12
Firewatch,5,Sniper,Low Defense Sniper,E21,1160,889,107,0,21,2.7,1,329,16
Firewatch,5,Sniper,Low Defense Sniper,E230,1266,961,116,0,21,2.7,1,356,17
Firewatch,5,Sniper,Low Defense Sniper,E2M,3470,855,156,0,17,1.5,1,570,34
GreyThroat,5,Sniper,Anti-Air Sniper,E01,667,173,53,0,11,1,1,173,16
GreyThroat,5,Sniper,Anti-Air Sniper,E11,954,289,89,0,13,1,1,289,22
GreyThroat,5,Sniper,Anti-Air Sniper,E21,1224,420,128,0,13,1,1,420,32
GreyThroat,5,Sniper,Anti-Air Sniper,E230,1323,454,137,0,13,1,1,454,35
GreyThroat,5,Sniper,Anti-Air Sniper,E2M,3235,375,670,5,21,1.2,3,313,15
Meteorite,5,Sniper,AoE Sniper,E01,770,377,59,0,24,2.8,1,135,6
Meteorite,5,Sniper,AoE Sniper,E11,963,539,77,0,26,2.8,1,193,7
Meteorite,5,Sniper,AoE Sniper,E21,1204,674,98,0,28,2.8,1,241,9
Meteorite,5,Sniper,AoE Sniper,E230,1314,744,105,0,28,2.8,1,266,10
MAX,,,,,3850,1085,723,,,3.5,,641,70
Platinum,5,Sniper,Anti-Air Sniper,E01,693,171,58,0,11,1,1,171,16
Platinum,5,Sniper,Anti-Air Sniper,E11,991,285,97,0,13,1,1,285,22
Platinum,5,Sniper,Anti-Air Sniper,E21,1271,414,139,0,13,1,1,414,32
Platinum,5,Sniper,Anti-Air Sniper,E230,1373,447,149,0,13,1,1,447,34
Platinum,5,Sniper,Anti-Air Sniper,E2M,1632,478,105,0,12,1,1,478,40
Provence,5,Sniper,Close Sniper,E01,716,332,81,0,15,1.6,1,208,14
Provence,5,Sniper,Close Sniper,E11,995,456,117,0,17,1.6,1,285,17
Provence,5,Sniper,Close Sniper,E21,1276,601,156,0,19,1.6,1,376,20
Provence,5,Sniper,Close Sniper,E230,1424,667,178,0,19,1.6,1,417,22
Provence,5,Sniper,Close Sniper,E2M,1068,443,130,20,11,1.6,1,277,25
Sesa,5,Sniper,AoE Sniper,E01,847,363,63,0,24,2.8,1,130,5
Sesa,5,Sniper,AoE Sniper,E11,1059,519,82,0,26,2.8,1,185,7
Sesa,5,Sniper,AoE Sniper,E21,1324,649,104,0,28,2.8,1,232,8
Sesa,5,Sniper,AoE Sniper,E230,1446,717,111,0,28,2.8,1,256,9
Sesa,5,Sniper,AoE Sniper,E1M,2620,673,155,0,15,1.5,1,449,30
Ambriel,4,Sniper,Low Defense Sniper,E01,785,437,60,0,18,2.7,1,162,9
Ambriel,4,Sniper,Low Defense Sniper,E11,1020,608,80,0,20,2.7,1,225,11
Ambriel,4,Sniper,Low Defense Sniper,E21,1276,801,100,0,20,2.7,1,297,15
Ambriel,4,Sniper,Low Defense Sniper,E230,1410,875,109,0,20,2.7,1,324,16
Ambriel,4,Sniper,Low Defense Sniper,E2M,1370,465,165,0,12,1,1,465,39
Jessica,4,Sniper,Anti-Air Sniper,E01,604,163,54,0,10,1,1,163,16
Jessica,4,Sniper,Anti-Air Sniper,E11,864,272,91,0,12,1,1,272,23
Jessica,4,Sniper,Anti-Air Sniper,E21,1108,389,130,0,12,1,1,389,32
Jessica,4,Sniper,Anti-Air Sniper,E230,1197,425,140,0,12,1,1,425,35
Jessica,4,Sniper,Anti-Air Sniper,E2M,1505,865,116,0,28,2.8,1,309,11
May,4,Sniper,Anti-Air Sniper,E01,730,163,36,0,10,1,1,163,16
May,4,Sniper,Anti-Air Sniper,E11,1043,273,61,0,12,1,1,273,23
May,4,Sniper,Anti-Air Sniper,E21,1338,391,88,0,12,1,1,391,33
May,4,Sniper,Anti-Air Sniper,E230,1462,428,95,0,12,1,1,428,36
May,4,Sniper,Anti-Air Sniper,E1M,1653,497,282,10,16,1.3,2,382,24
Meteor,4,Sniper,Anti-Air Sniper,E01,612,159,58,0,10,1,1,159,16
Meteor,4,Sniper,Anti-Air Sniper,E11,875,266,97,0,12,1,1,266,22
Meteor,4,Sniper,Anti-Air Sniper,E21,1123,381,139,0,12,1,1,381,32
Meteor,4,Sniper,Anti-Air Sniper,E230,1227,416,150,0,12,1,1,416,35
MIN,,,,,261,42,16,,,0.78,,15,3
Shirayuki,4,Sniper,AoE Sniper,E01,834,347,51,0,23,2.8,1,124,5
Shirayuki,4,Sniper,AoE Sniper,E11,1043,496,66,0,25,2.8,1,177,7
Shirayuki,4,Sniper,AoE Sniper,E21,1304,621,84,0,27,2.8,1,222,8
Shirayuki,4,Sniper,AoE Sniper,E230,1441,695,91,0,27,2.8,1,248,9
Shirayuki,4,Sniper,AoE Sniper,E2M,1731,750,132,20,34,2.9,1,259,8
Vermeil,4,Sniper,Anti-Air Sniper,E01,550,166,57,0,10,1,1,166,17
Vermeil,4,Sniper,Anti-Air Sniper,E11,786,277,95,0,12,1,1,277,23
Vermeil,4,Sniper,Anti-Air Sniper,E21,1008,397,136,0,12,1,1,397,33
Vermeil,4,Sniper,Anti-Air Sniper,E230,1101,434,147,0,12,1,1,434,36
Vermeil,4,Sniper,Anti-Air Sniper,E2M,2345,644,357,15,20,1.25,1,515,26
Adnachiel,3,Sniper,Anti-Air Sniper,E01,531,150,55,0,9,1,1,150,17
Adnachiel,3,Sniper,Anti-Air Sniper,E11,831,251,93,0,11,1,1,251,23
Vermeil,4,Sniper,Anti-Air Sniper,E2M,1420,465,131,0,18,2.85,1,163,9
Catapult,3,Sniper,AoE Sniper,E01,736,340,51,0,21,2.8,1,121,6
Catapult,3,Sniper,AoE Sniper,E11,920,487,67,0,23,2.8,1,174,8
Adnachiel,3,Sniper,Anti-Air Sniper,E2M,1565,520,300,0,10,1.3,1,400,40
Kroos,3,Sniper,Anti-Air Sniper,E01,545,154,52,0,9,1,1,154,17
Kroos,3,Sniper,Anti-Air Sniper,E11,826,258,88,0,11,1,1,258,23
Catapult,3,Sniper,AoE Sniper,E2M,2780,462,575,10,21,1.2,3,385,18
Rangers,2,Sniper,Anti-Air Sniper,E01,546,161,46,0,7,1,1,161,23
Rangers,2,Sniper,Anti-Air Sniper,E0M,780,269,66,0,7,1,1,269,38
Aak,6,Specialist,Aak,E01,865,247,58,10,11,1.3,1,190,17
Aak,6,Specialist,Aak,E11,1236,413,90,10,13,1.3,1,318,24
Aak,6,Specialist,Aak,E21,1627,583,121,10,13,1.3,1,448,34
Aak,6,Specialist,Aak,E230,1760,622,131,10,13,1.3,1,478,37
Aak,6,Specialist,Aak,E2M,3699,619,726,0,23,1.5,3,413,18
Cliffheart,5,Specialist,Puller,E01,852,329,148,0,11,1.8,2,183,17
Cliffheart,5,Specialist,Puller,E11,1152,471,219,0,13,1.8,2,262,20
Cliffheart,5,Specialist,Puller,E21,1497,612,289,0,13,1.8,2,340,26
Cliffheart,5,Specialist,Puller,E230,1671,668,308,0,13,1.8,2,371,29
Cliffheart,5,Specialist,Puller,E2M,1705,350,169,5,18,2.85,1,123,7
FEater,5,Specialist,Pusher,E01,852,279,158,0,18,1.2,2,233,13
FEater,5,Specialist,Pusher,E11,1136,388,240,0,20,1.2,2,323,16
FEater,5,Specialist,Pusher,E21,1439,518,317,0,20,1.2,2,432,22
FEater,5,Specialist,Pusher,E230,1588,563,341,0,20,1.2,2,469,23
FEater,5,Specialist,Pusher,E2M,1510,622,120,20,20,1.6,1,389,19
Manticore,5,Specialist,All-In-Range,E01,777,378,141,10,18,3.5,0,108,6
Manticore,5,Specialist,All-In-Range,E11,1080,511,218,20,20,3.5,0,146,7
Manticore,5,Specialist,All-In-Range,E21,1385,656,284,30,20,3.5,0,187,9
Manticore,5,Specialist,All-In-Range,E230,1475,713,306,30,20,3.5,0,204,10
Manticore,5,Specialist,All-In-Range,E1M,935,378,83,15,12,1.9,1,199,17
Projekt Red,5,Specialist,Fast Redeploy,E01,703,204,135,0,7,0.93,1,219,31
Projekt Red,5,Specialist,Fast Redeploy,E11,938,301,194,0,9,0.93,1,324,36
Projekt Red,5,Specialist,Fast Redeploy,E21,1173,413,253,0,9,0.93,1,444,49
Projekt Red,5,Specialist,Fast Redeploy,E230,1295,456,271,0,9,0.93,1,490,54
Projekt Red,5,Specialist,Fast Redeploy,E2M,1560,320,145,0,16,2.85,1,112,7
Snowsant,5,Specialist,Puller,E01,794,320,155,0,13,1.8,2,178,14
Snowsant,5,Specialist,Puller,E11,1073,458,228,0,15,1.8,2,254,17
Snowsant,5,Specialist,Puller,E21,1394,596,301,0,15,1.8,2,331,22
Snowsant,5,Specialist,Puller,E230,1556,651,321,0,15,1.8,2,362,24
Snowsant,5,Specialist,Puller,E2M,1550,505,165,0,13,1,1,505,39
Waaifu,5,Specialist,Fast Redeploy,E01,680,207,137,0,7,0.93,1,223,32
Waaifu,5,Specialist,Fast Redeploy,E11,907,305,196,0,9,0.93,1,328,36
Waaifu,5,Specialist,Fast Redeploy,E21,1134,418,255,0,9,0.93,1,449,50
Waaifu,5,Specialist,Fast Redeploy,E230,1252,461,273,0,9,0.93,1,496,55
Waaifu,5,Specialist,Fast Redeploy,E1M,1226,445,279,0,10,1,1,445,45
Ethan,4,Specialist,All-In-Range,E01,730,346,139,10,17,3.5,0,99,6
Ethan,4,Specialist,All-In-Range,E11,1014,468,214,20,19,3.5,0,134,7
Ethan,4,Specialist,All-In-Range,E21,1300,601,279,30,19,3.5,0,172,9
Ethan,4,Specialist,All-In-Range,E230,1397,660,303,30,19,3.5,0,189,10
Ethan,4,Specialist,All-In-Range,E1M,1858,495,245,0,19,1.2,2,413,22
Gravel,4,Specialist,Fast Redeploy,E01,663,176,151,0,6,0.93,1,189,32
Gravel,4,Specialist,Fast Redeploy,E11,885,256,216,0,8,0.93,1,275,34
Gravel,4,Specialist,Fast Redeploy,E21,1107,352,281,0,8,0.93,1,378,47
Gravel,4,Specialist,Fast Redeploy,E230,1239,394,304,0,8,0.93,1,424,53
Gravel,4,Specialist,Fast Redeploy,E2M,1605,430,102,25,12,1.6,1,269,22
Rope,4,Specialist,Puller,E01,744,313,142,0,10,1.8,2,174,17
Rope,4,Specialist,Puller,E11,1006,448,209,0,12,1.8,2,249,21
Rope,4,Specialist,Puller,E21,1307,582,276,0,12,1.8,2,323,27
Rope,4,Specialist,Puller,E230,1481,643,297,0,12,1.8,2,357,30
Rope,4,Specialist,Puller,E2M,1505,530,302,0,9,0.93,1,570,63
Shaw,4,Specialist,Pusher,E01,824,252,151,0,17,1.2,2,210,12
Shaw,4,Specialist,Pusher,E11,1099,351,229,0,19,1.2,2,293,15
Shaw,4,Specialist,Pusher,E21,1392,469,302,0,19,1.2,2,391,21
Shaw,4,Specialist,Pusher,E230,1557,516,328,0,19,1.2,2,430,23
Shaw,4,Specialist,Pusher,E2M,1680,781,215,0,19,1.6,1,488,26
Hoshiguma,6,Defender,Tank Defender,E01,1602,221,257,0,19,1.2,3,184,10
Hoshiguma,6,Defender,Tank Defender,E11,2165,284,384,0,21,1.2,3,237,11
Hoshiguma,6,Defender,Tank Defender,E21,2849,356,527,0,23,1.2,3,297,13
Hoshiguma,6,Defender,Tank Defender,E230,3175,380,591,0,23,1.2,3,317,14
Hoshiguma,6,Defender,Tank Defender,E2M,1610,335,150,0,17,2.85,1,118,7
Nian,6,Defender,Tank Defender,E01,1539,295,254,0,19,1.5,3,197,10
Nian,6,Defender,Tank Defender,E11,2080,405,380,0,21,1.5,3,270,13
Nian,6,Defender,Tank Defender,E21,2737,513,529,0,23,1.5,3,342,15
Nian,6,Defender,Tank Defender,E230,3050,548,593,0,23,1.5,3,365,16
Nian,6,Defender,Tank Defender,E2M,1365,430,118,5,19,2.85,1,151,8
Saria,6,Defender,Healer Defender,E01,1309,200,248,10,18,1.2,2,167,9
Saria,6,Defender,Healer Defender,E11,1769,287,365,10,20,1.2,3,239,12
Saria,6,Defender,Healer Defender,E21,2268,388,487,10,22,1.2,3,323,15
Saria,6,Defender,Healer Defender,E230,2555,420,522,10,22,1.2,3,350,16
Saria,6,Defender,Healer Defender,E2M,2215,562,364,0,12,1,1,562,47
Bison,5,Defender,Tank Defender,E01,1475,198,245,0,20,1.2,3,165,8
Bison,5,Defender,Tank Defender,E11,1941,254,367,0,22,1.2,3,212,10
Bison,5,Defender,Tank Defender,E21,2522,318,504,0,24,1.2,3,265,11
Bison,5,Defender,Tank Defender,E230,2865,339,576,0,24,1.2,3,283,12
Bison,5,Defender,Tank Defender,E2M,1720,728,325,0,12,1.8,2,404,34
Croissant,5,Defender,Tank Defender,E01,1503,201,249,0,18,1.2,3,168,9
Croissant,5,Defender,Tank Defender,E11,1978,258,373,0,20,1.2,3,215,11
Croissant,5,Defender,Tank Defender,E21,2569,323,511,0,22,1.2,3,269,12
Croissant,5,Defender,Tank Defender,E230,2918,344,584,0,22,1.2,3,287,13
Croissant,5,Defender,Tank Defender,E2M,3150,485,595,10,22,1.2,3,404,18
Hung,5,Defender,Healer Defender,E01,1172,182,244,10,17,1.2,2,152,9
Hung,5,Defender,Healer Defender,E11,1584,261,359,10,19,1.2,3,218,11
Hung,5,Defender,Healer Defender,E21,2032,353,479,10,21,1.2,3,294,14
Hung,5,Defender,Healer Defender,E230,2322,386,518,10,21,1.2,3,322,15
Hung,5,Defender,Healer Defender,E2M,2430,705,320,0,22,1.2,3,588,27
Liskarm,5,Defender,Tank Defender,E01,1307,219,256,0,18,1.2,3,183,10
Liskarm,5,Defender,Tank Defender,E11,1743,281,383,0,20,1.2,3,234,12
Liskarm,5,Defender,Tank Defender,E21,2324,352,518,0,22,1.2,3,293,13
Liskarm,5,Defender,Tank Defender,E230,2660,379,588,0,22,1.2,3,316,14
Liskarm,5,Defender,Tank Defender,E2M,1835,470,310,0,12,1.05,2,448,37
Nearl,5,Defender,Healer Defender,E01,1154,191,240,10,17,1.2,2,159,9
Nearl,5,Defender,Healer Defender,E11,1560,273,353,10,19,1.2,3,228,12
Nearl,5,Defender,Healer Defender,E21,2001,369,471,10,21,1.2,3,308,15
Nearl,5,Defender,Healer Defender,E230,2287,403,509,10,21,1.2,3,336,16
Nearl,5,Defender,Healer Defender,E2M,1833,840,225,0,20,1.6,1,525,26
Vulcan,5,Defender,NoHeal Defender,E01,1574,344,222,10,31,1.6,2,215,7
Vulcan,5,Defender,NoHeal Defender,E11,2072,479,337,10,33,1.6,3,299,9
Vulcan,5,Defender,NoHeal Defender,E21,2692,639,450,10,35,1.6,3,399,11
Vulcan,5,Defender,NoHeal Defender,E230,3058,705,500,10,35,1.6,3,441,13
Vulcan,5,Defender,NoHeal Defender,E2M,1655,833,123,0,28,2.8,1,298,11
Cuora,4,Defender,Tank Defender,E01,1221,193,249,0,17,1.2,3,161,9
Cuora,4,Defender,Tank Defender,E11,1629,248,372,0,19,1.2,3,207,11
Cuora,4,Defender,Tank Defender,E21,2173,310,503,0,21,1.2,3,258,12
Cuora,4,Defender,Tank Defender,E230,2565,333,582,0,21,1.2,3,278,13
Cuora,4,Defender,Tank Defender,E2M,1785,580,365,0,19,1.2,2,483,25
Dur-nar,4,Defender,Magic Damage Defender,E01,1201,244,220,5,20,1.6,3,153,8
Dur-nar,4,Defender,Magic Damage Defender,E11,1623,349,324,10,22,1.6,3,218,10
Dur-nar,4,Defender,Magic Damage Defender,E21,2165,466,438,15,24,1.6,3,291,12
Dur-nar,4,Defender,Magic Damage Defender,E230,2519,515,484,15,24,1.6,3,322,13
Dur-nar,4,Defender,Magic Damage Defender,E2M,1613,530,138,0,20,2.85,1,186,9
Matterhorn,4,Defender,Tank Defender,E01,1273,198,241,5,17,1.2,3,165,10
Matterhorn,4,Defender,Tank Defender,E11,1698,254,361,5,19,1.2,3,212,11
Matterhorn,4,Defender,Tank Defender,E21,2264,318,489,5,21,1.2,3,265,13
Matterhorn,4,Defender,Tank Defender,E230,2672,342,565,5,21,1.2,3,285,14
Matterhorn,4,Defender,Tank Defender,E2M,1630,797,100,0,27,2.8,1,285,11
Gummy,4,Defender,Healer Defender,E01,1059,179,234,10,16,1.2,2,149,9
Gummy,4,Defender,Healer Defender,E11,1432,257,345,10,18,1.2,3,214,12
Gummy,4,Defender,Healer Defender,E21,1836,348,460,10,20,1.2,3,290,15
Gummy,4,Defender,Healer Defender,E230,2136,385,503,10,20,1.2,3,321,16
Gummy,4,Defender,Healer Defender,E2M,2251,515,384,0,14,1.05,2,490,35
Beagle,3,Defender,Tank Defender,E01,1144,184,242,0,16,1.2,3,153,10
Beagle,3,Defender,Tank Defender,E11,1526,236,362,0,18,1.2,3,197,11
Gummy,4,Defender,Healer Defender,E2M,1595,482,142,0,19,2.85,1,169,9
Cardigan,3,Defender,Tank Defender,E01,1197,190,229,0,16,1.2,3,158,10
Cardigan,3,Defender,Tank Defender,E11,1597,244,342,0,18,1.2,3,203,11
Beagle,3,Defender,Tank Defender,E2M,2560,713,397,10,20,1.3,2,548,27
Spot,3,Defender,Healer Defender,E01,1057,165,225,10,15,1.2,2,138,9
Spot,3,Defender,Healer Defender,E11,1429,236,331,10,17,1.2,3,197,12
Cardigan,3,Defender,Tank Defender,E2M,3665,933,263,0,19,1.5,1,622,33
Noire Corne,2,Defender,Healer Defender,E01,1219,180,220,0,14,1.2,3,150,11
Noire Corne,2,Defender,Healer Defender,E0M,1670,240,315,0,14,1.2,3,200,14
Bagpipe,6,Vanguard,On-Kill Vanguard,E01,975,250,173,0,11,1,1,250,23
Bagpipe,6,Vanguard,On-Kill Vanguard,E11,1355,369,241,0,13,1,1,369,28
Bagpipe,6,Vanguard,On-Kill Vanguard,E21,1738,492,313,0,13,1,1,492,38
Bagpipe,6,Vanguard,On-Kill Vanguard,E230,1981,523,335,0,13,1,1,523,40
Bagpipe,6,Vanguard,On-Kill Vanguard,E2M,1530,715,122,20,33,2.9,1,247,7
Siege,6,Vanguard,SP Regen Vanguard,E01,911,212,154,0,12,1.05,2,202,17
Siege,6,Vanguard,SP Regen Vanguard,E11,1199,308,227,0,14,1.05,2,293,21
Siege,6,Vanguard,SP Regen Vanguard,E21,1643,422,307,0,14,1.05,2,402,29
Siege,6,Vanguard,SP Regen Vanguard,E230,1841,452,332,0,14,1.05,2,430,31
Siege,6,Vanguard,SP Regen Vanguard,E2M,1835,745,355,0,15,1.8,2,414,28
Grani,5,Vanguard,On-Kill Vanguard,E01,877,235,166,0,12,1,1,235,20
Grani,5,Vanguard,On-Kill Vanguard,E11,1219,347,231,0,14,1,1,347,25
Grani,5,Vanguard,On-Kill Vanguard,E21,1564,463,300,0,14,1,1,463,33
Grani,5,Vanguard,On-Kill Vanguard,E230,1810,496,325,0,14,1,1,496,35
Grani,5,Vanguard,On-Kill Vanguard,E2M,1356,335,238,0,7,1,1,335,48
Reed,5,Vanguard,On-Kill Vanguard,E01,870,240,164,0,10,1,1,240,24
Reed,5,Vanguard,On-Kill Vanguard,E11,1209,354,229,0,12,1,1,354,30
Reed,5,Vanguard,On-Kill Vanguard,E21,1550,472,298,0,12,1,1,472,39
Reed,5,Vanguard,On-Kill Vanguard,E230,1794,505,322,0,12,1,1,505,42
Reed,5,Vanguard,On-Kill Vanguard,E2M,2630,725,355,0,23,1.2,3,604,26
Texas,5,Vanguard,SP Regen Vanguard,E01,727,203,139,0,11,1.05,2,193,18
Texas,5,Vanguard,SP Regen Vanguard,E11,996,299,208,0,13,1.05,2,285,22
Texas,5,Vanguard,SP Regen Vanguard,E21,1365,410,274,0,13,1.05,2,390,30
Texas,5,Vanguard,SP Regen Vanguard,E230,1580,443,299,0,13,1.05,2,422,32
Texas,5,Vanguard,SP Regen Vanguard,E1M,1833,320,442,10,17,1.2,3,267,16
Zima,5,Vanguard,SP Regen Vanguard,E01,812,183,147,0,11,1.05,2,174,16
Zima,5,Vanguard,SP Regen Vanguard,E11,1128,274,211,0,13,1.05,2,261,20
Zima,5,Vanguard,SP Regen Vanguard,E21,1505,376,290,0,13,1.05,2,358,28
Zima,5,Vanguard,SP Regen Vanguard,E230,1742,411,312,0,13,1.05,2,391,30
Zima,5,Vanguard,SP Regen Vanguard,E1M,1100,470,90,15,18,1.6,1,294,16
Courier,4,Vanguard,SP Regen Vanguard,E01,758,170,137,0,10,1.05,2,162,16
Courier,4,Vanguard,SP Regen Vanguard,E11,1083,254,196,0,12,1.05,2,242,20
Courier,4,Vanguard,SP Regen Vanguard,E21,1389,348,273,0,12,1.05,2,331,28
Courier,4,Vanguard,SP Regen Vanguard,E230,1639,385,294,0,12,1.05,2,367,31
Courier,4,Vanguard,SP Regen Vanguard,E2M,1345,488,122,0,18,2.85,1,171,10
Myrtle,4,Vanguard,No Block Vanguard,E01,658,231,138,0,8,1.3,1,178,22
Myrtle,4,Vanguard,No Block Vanguard,E11,902,331,193,0,10,1.3,1,255,26
Myrtle,4,Vanguard,No Block Vanguard,E21,1142,436,255,0,10,1.3,1,335,34
Myrtle,4,Vanguard,No Block Vanguard,E230,1320,471,274,0,10,1.3,1,362,36
Myrtle,4,Vanguard,No Block Vanguard,E2M,1740,593,413,0,16,1.05,2,565,35
Scavenger,4,Vanguard,SP Regen Vanguard,E01,693,185,136,0,10,1.05,2,176,18
Scavenger,4,Vanguard,SP Regen Vanguard,E11,937,281,198,0,12,1.05,2,268,22
Scavenger,4,Vanguard,SP Regen Vanguard,E21,1284,385,255,0,12,1.05,2,367,31
Scavenger,4,Vanguard,SP Regen Vanguard,E230,1516,421,278,0,12,1.05,2,401,33
Scavenger,4,Vanguard,SP Regen Vanguard,E2M,1950,500,343,0,13,1.05,2,476,37
Vigna,4,Vanguard,On-Kill Vanguard,E01,724,248,152,0,9,1,1,248,28
Vigna,4,Vanguard,On-Kill Vanguard,E11,1006,355,218,0,11,1,1,355,32
Vigna,4,Vanguard,On-Kill Vanguard,E21,1291,468,287,0,11,1,1,468,43
Vigna,4,Vanguard,On-Kill Vanguard,E230,1524,506,314,0,11,1,1,506,46
Vigna,4,Vanguard,On-Kill Vanguard,E2M,3444,693,312,0,24,1.2,1,578,24
Fang,3,Vanguard,SP Regen Vanguard,E01,742,157,130,0,9,1.05,2,150,17
Fang,3,Vanguard,SP Regen Vanguard,E11,1060,235,187,0,11,1.05,2,224,20
Vigna,4,Vanguard,On-Kill Vanguard,E2M,1230,485,162,0,12,1,1,485,40
Plume,3,Vanguard,On-Kill Vanguard,E01,688,229,148,0,8,1,1,229,29
Plume,3,Vanguard,On-Kill Vanguard,E11,956,333,212,0,10,1,1,333,33
Fang,3,Vanguard,SP Regen Vanguard,E2M,1845,558,351,0,11,1,1,558,51
Fang,3,Vanguard,SP Regen Vanguard,E01,711,168,128,0,9,1.05,2,160,18
Fang,3,Vanguard,SP Regen Vanguard,E11,1016,248,184,0,11,1.05,2,236,21
Plume,3,Vanguard,On-Kill Vanguard,E2M,3688,820,585,10,35,1.6,3,513,15
Yato,2,Vanguard,SP Regen Vanguard,E01,721,150,134,0,7,1.05,2,143,20
Yato,2,Vanguard,SP Regen Vanguard,E0M,1030,232,192,0,7,1.05,2,221,32
Fang,3,Vanguard,SP Regen Vanguard,E2M,1455,536,304,0,9,0.93,1,576,64
Plume,3,Vanguard,On-Kill Vanguard,E2M,1520,505,125,0,19,2.85,1,177,9
Yato,2,Vanguard,SP Regen Vanguard,E2M,2150,470,350,0,13,1.05,2,448,34
,,,,,,,,,,,,,
,,,,,,,,,,,,,
,,,,,,,,,,,,,
,,,Last Characters,Bagpipe,,,,,,,,,
,,,,Sesa,,,,,,,,,
,,,,Utage,,,,,,,,,
,,,,,,,,,,,,,
,,,,,,,,,,,,,
,,,,,,,,,,,,,
,,,,,,,,,,,,,
,,,,,,,,,,,,,
,,,,,,,,,,,,,
,,,,,,,,,,,,,
,,,,,,,,,,,,,
,,,,,,,,,,,,,
,,,,,,,,,,,,,
,,,,,,,,,,,,,
,,,,,,,,,,,,,
,,,,,,,,,,,,,
,,,,,,,,,,,,,
,,,,,,,,,,,,,
,,,,,,,,,,,,,
,,,,,,,,,,,,,
,,,,,,,,,,,,,
,,,,,,,,,,,,,
,,,,,,,,,,,,,
,,,,,,,,,,,,,
,,,,,,,,,,,,,
,,,,,,,,,,,,,
,,,,,,,,,,,,,
,,,,,,,,,,,,,
,,,,,,,,,,,,,
,,,,,,,,,,,,,
,,,,,,,,,,,,,
,,,,,,,,,,,,,
,,,,,,,,,,,,,
,,,,,,,,,,,,,
,,,,,,,,,,,,,
,,,,,,,,,,,,,
,,,,,,,,,,,,,
,,,,,,,,,,,,,
,,,,,,,,,,,,,
,,,,,,,,,,,,,
,,,,,,,,,,,,,
,,,,,,,,,,,,,
,,,,,,,,,,,,,
,,,,,,,,,,,,,
,,,,,,,,,,,,,
,,,,,,,,,,,,,
,,,,,,,,,,,,,
,,,,,,,,,,,,,
,,,,,,,,,,,,,
,,,,,,,,,,,,,
,,,,,,,,,,,,,
,,,,,,,,,,,,,
,,,,,,,,,,,,,
,,,,,,,,,,,,,
,,,,,,,,,,,,,
,,,,,,,,,,,,,
,,,,,,,,,,,,,
,,,,,,,,,,,,,
,,,,,,,,,,,,,
,,,,,,,,,,,,,
,,,,,,,,,,,,,
,,,,,,,,,,,,,
,,,,,,,,,,,,,
,,,,,,,,,,,,,
,,,,,,,,,,,,,
,,,,,,,,,,,,,
,,,,,,,,,,,,,
,,,,,,,,,,,,,
,,,,,,,,,,,,,
,,,,,,,,,,,,,
,,,,,,,,,,,,,
,,,,,,,,,,,,,
,,,,,,,,,,,,,
,,,,,,,,,,,,,
,,,,,,,,,,,,,
,,,,,,,,,,,,,
,,,,,,,,,,,,,
,,,,,,,,,,,,,
,,,,,,,,,,,,,
,,,,,,,,,,,,,
,,,,,,,,,,,,,
,,,,,,,,,,,,,
,,,,,,,,,,,,,
,,,,,,,,,,,,,
,,,,,,,,,,,,,
,,,,,,,,,,,,,
,,,,,,,,,,,,,
,,,,,,,,,,,,,
,,,,,,,,,,,,,
,,,,,,,,,,,,,
,,,,,,,,,,,,,
,,,,,,,,,,,,,
,,,,,,,,,,,,,
,,,,,,,,,,,,,
,,,,,,,,,,,,,
,,,,,,,,,,,,,
,,,,,,,,,,,,,
,,,,,,,,,,,,,
,,,,,,,,,,,,,
,,,,,,,,,,,,,
,,,,,,,,,,,,,
,,,,,,,,,,,,,
,,,,,,,,,,,,,
,,,,,,,,,,,,,
,,,,,,,,,,,,,
,,,,,,,,,,,,,
,,,,,,,,,,,,,
,,,,,,,,,,,,,
,,,,,,,,,,,,,
,,,,,,,,,,,,,
,,,,,,,,,,,,,
,,,,,,,,,,,,,
,,,,,,,,,,,,,
,,,,,,,,,,,,,
,,,,,,,,,,,,,
,,,,,,,,,,,,,
,,,,,,,,,,,,,
,,,,,,,,,,,,,
,,,,,,,,,,,,,
,,,,,,,,,,,,,
,,,,,,,,,,,,,
,,,,,,,,,,,,,
,,,,,,,,,,,,,
,,,,,,,,,,,,,
,,,,,,,,,,,,,
,,,,,,,,,,,,,
,,,,,,,,,,,,,
,,,,,,,,,,,,,
,,,,,,,,,,,,,
,,,,,,,,,,,,,
,,,,,,,,,,,,,
,,,,,,,,,,,,,
,,,,,,,,,,,,,
,,,,,,,,,,,,,
,,,,,,,,,,,,,
,,,,,,,,,,,,,
,,,,,,,,,,,,,
,,,,,,,,,,,,,
,,,,,,,,,,,,,
,,,,,,,,,,,,,
,,,,,,,,,,,,,
,,,,,,,,,,,,,
,,,,,,,,,,,,,
,,,,,,,,,,,,,
,,,,,,,,,,,,,
,,,,,,,,,,,,,
,,,,,,,,,,,,,
,,,,,,,,,,,,,
,,,,,,,,,,,,,
,,,,,,,,,,,,,
,,,,,,,,,,,,,
,,,,,,,,,,,,,
,,,,,,,,,,,,,
,,,,,,,,,,,,,
,,,,,,,,,,,,,
,,,,,,,,,,,,,
,,,,,,,,,,,,,
,,,,,,,,,,,,,
,,,,,,,,,,,,,
,,,,,,,,,,,,,
,,,,,,,,,,,,,
,,,,,,,,,,,,,
,,,,,,,,,,,,,
,,,,,,,,,,,,,
,,,,,,,,,,,,,
,,,,,,,,,,,,,
,,,,,,,,,,,,,
,,,,,,,,,,,,,
,,,,,,,,,,,,,
,,,,,,,,,,,,,
,,,,,,,,,,,,,
,,,,,,,,,,,,,
,,,,,,,,,,,,,
,,,,,,,,,,,,,
,,,,,,,,,,,,,
,,,,,,,,,,,,,
,,,,,,,,,,,,,
,,,,,,,,,,,,,
,,,,,,,,,,,,,
,,,,,,,,,,,,,
,,,,,,,,,,,,,
,,,,,,,,,,,,,
,,,,,,,,,,,,,
,,,,,,,,,,,,,
,,,,,,,,,,,,,
,,,,,,,,,,,,,
,,,,,,,,,,,,,
,,,,,,,,,,,,,
,,,,,,,,,,,,,
,,,,,,,,,,,,,
,,,,,,,,,,,,,
,,,,,,,,,,,,,
,,,,,,,,,,,,,
,,,,,,,,,,,,,
,,,,,,,,,,,,,
,,,,,,,,,,,,,
,,,,,,,,,,,,,
,,,,,,,,,,,,,
,,,,,,,,,,,,,
,,,,,,,,,,,,,
,,,,,,,,,,,,,
,,,,,,,,,,,,,
,,,,,,,,,,,,,
,,,,,,,,,,,,,
,,,,,,,,,,,,,
,,,,,,,,,,,,,
,,,,,,,,,,,,,
,,,,,,,,,,,,,
,,,,,,,,,,,,,
,,,,,,,,,,,,,
,,,,,,,,,,,,,
,,,,,,,,,,,,,
,,,,,,,,,,,,,
,,,,,,,,,,,,,
,,,,,,,,,,,,,
,,,,,,,,,,,,,
,,,,,,,,,,,,,
,,,,,,,,,,,,,
,,,,,,,,,,,,,
,,,,,,,,,,,,,
,,,,,,,,,,,,,
,,,,,,,,,,,,,
,,,,,,,,,,,,,
,,,,,,,,,,,,,
,,,,,,,,,,,,,
,,,,,,,,,,,,,
,,,,,,,,,,,,,
,,,,,,,,,,,,,
,,,,,,,,,,,,,
,,,,,,,,,,,,,
,,,,,,,,,,,,,
,,,,,,,,,,,,,
,,,,,,,,,,,,,
,,,,,,,,,,,,,
,,,,,,,,,,,,,
,,,,,,,,,,,,,
,,,,,,,,,,,,,
,,,,,,,,,,,,,
,,,,,,,,,,,,,
,,,,,,,,,,,,,
,,,,,,,,,,,,,
,,,,,,,,,,,,,
,,,,,,,,,,,,,
,,,,,,,,,,,,,
,,,,,,,,,,,,,
,,,,,,,,,,,,,
,,,,,,,,,,,,,
,,,,,,,,,,,,,
,,,,,,,,,,,,,
,,,,,,,,,,,,,
,,,,,,,,,,,,,
,,,,,,,,,,,,,
,,,,,,,,,,,,,
,,,,,,,,,,,,,
,,,,,,,,,,,,,
,,,,,,,,,,,,,
,,,,,,,,,,,,,
,,,,,,,,,,,,,
,,,,,,,,,,,,,
,,,,,,,,,,,,,
,,,,,,,,,,,,,
,,,,,,,,,,,,,
,,,,,,,,,,,,,
,,,,,,,,,,,,,
,,,,,,,,,,,,,
,,,,,,,,,,,,,
,,,,,,,,,,,,,
,,,,,,,,,,,,,
,,,,,,,,,,,,,
,,,,,,,,,,,,,
,,,,,,,,,,,,,
,,,,,,,,,,,,,
,,,,,,,,,,,,,
,,,,,,,,,,,,,
,,,,,,,,,,,,,
,,,,,,,,,,,,,
,,,,,,,,,,,,,
,,,,,,,,,,,,,
,,,,,,,,,,,,,
,,,,,,,,,,,,,
,,,,,,,,,,,,,
,,,,,,,,,,,,,
,,,,,,,,,,,,,
,,,,,,,,,,,,,
,,,,,,,,,,,,,
,,,,,,,,,,,,,
,,,,,,,,,,,,,
,,,,,,,,,,,,,
,,,,,,,,,,,,,
,,,,,,,,,,,,,
,,,,,,,,,,,,,
,,,,,,,,,,,,,
,,,,,,,,,,,,,
,,,,,,,,,,,,,
,,,,,,,,,,,,,
,,,,,,,,,,,,,
,,,,,,,,,,,,,
,,,,,,,,,,,,,
,,,,,,,,,,,,,
,,,,,,,,,,,,,
,,,,,,,,,,,,,
,,,,,,,,,,,,,
,,,,,,,,,,,,,
,,,,,,,,,,,,,
,,,,,,,,,,,,,
,,,,,,,,,,,,,
,,,,,,,,,,,,,
,,,,,,,,,,,,,
,,,,,,,,,,,,,
,,,,,,,,,,,,,
,,,,,,,,,,,,,
,,,,,,,,,,,,,
,,,,,,,,,,,,,
,,,,,,,,,,,,,
,,,,,,,,,,,,,
,,,,,,,,,,,,,
,,,,,,,,,,,,,
,,,,,,,,,,,,,
,,,,,,,,,,,,,
,,,,,,,,,,,,,
,,,,,,,,,,,,,
,,,,,,,,,,,,,
,,,,,,,,,,,,,
,,,,,,,,,,,,,
,,,,,,,,,,,,,
,,,,,,,,,,,,,
,,,,,,,,,,,,,
,,,,,,,,,,,,,
,,,,,,,,,,,,,
,,,,,,,,,,,,,
,,,,,,,,,,,,,
,,,,,,,,,,,,,
,,,,,,,,,,,,,
,,,,,,,,,,,,,
,,,,,,,,,,,,,
,,,,,,,,,,,,,
,,,,,,,,,,,,,
,,,,,,,,,,,,,
,,,,,,,,,,,,,
,,,,,,,,,,,,,
,,,,,,,,,,,,,
,,,,,,,,,,,,,
,,,,,,,,,,,,,
,,,,,,,,,,,,,
,,,,,,,,,,,,,
,,,,,,,,,,,,,
,,,,,,,,,,,,,
,,,,,,,,,,,,,
,,,,,,,,,,,,,
,,,,,,,,,,,,,
,,,,,,,,,,,,,
,,,,,,,,,,,,,
,,,,,,,,,,,,,
,,,,,,,,,,,,,
,,,,,,,,,,,,,
,,,,,,,,,,,,,
,,,,,,,,,,,,,
,,,,,,,,,,,,,
,,,,,,,,,,,,,
,,,,,,,,,,,,,
,,,,,,,,,,,,,
,,,,,,,,,,,,,
,,,,,,,,,,,,,
,,,,,,,,,,,,,
,,,,,,,,,,,,,
,,,,,,,,,,,,,
,,,,,,,,,,,,,
,,,,,,,,,,,,,
,,,,,,,,,,,,,
,,,,,,,,,,,,,
,,,,,,,,,,,,,
,,,,,,,,,,,,,
,,,,,,,,,,,,,
,,,,,,,,,,,,,
,,,,,,,,,,,,,
,,,,,,,,,,,,,
,,,,,,,,,,,,,
,,,,,,,,,,,,,
,,,,,,,,,,,,,
,,,,,,,,,,,,,
,,,,,,,,,,,,,
,,,,,,,,,,,,,
,,,,,,,,,,,,,
,,,,,,,,,,,,,
,,,,,,,,,,,,,
,,,,,,,,,,,,,
,,,,,,,,,,,,,
,,,,,,,,,,,,,
,,,,,,,,,,,,,
,,,,,,,,,,,,,
,,,,,,,,,,,,,
,,,,,,,,,,,,,
,,,,,,,,,,,,,
,,,,,,,,,,,,,
,,,,,,,,,,,,,
,,,,,,,,,,,,,
,,,,,,,,,,,,,
,,,,,,,,,,,,,
,,,,,,,,,,,,,
,,,,,,,,,,,,,
,,,,,,,,,,,,,
,,,,,,,,,,,,,
,,,,,,,,,,,,,
,,,,,,,,,,,,,
,,,,,,,,,,,,,
,,,,,,,,,,,,,
,,,,,,,,,,,,,
,,,,,,,,,,,,,
